Line,FIFO,Count,Head,Tail
658,Local,0,1,2
723,Local,0,1,2
731,Local,0,2,3
787,Local,1,1,3
795,Local,0,2,3
850,Local,1,1,3
858,Local,0,2,3
913,Local,2,1,0
921,Local,0,2,3
977,Local,2,1,0
985,Local,0,2,3
1043,Local,3,1,1
1051,Local,1,2,0
1108,Local,3,1,1
1116,Local,1,2,0
1172,Local,2,2,1
1180,Local,2,2,1
1235,Local,2,2,1
1243,Local,2,2,1
1300,Local,3,2,2
1308,Local,2,2,1
1366,Local,2,3,2
1374,Local,1,3,1
1431,Local,3,3,3
1439,Local,1,3,1
1494,Local,3,3,3
1502,Local,2,3,2
1558,Local,3,3,3
1566,Local,1,0,2
1625,Local,3,3,3
1633,Local,0,1,3
1691,Local,2,0,0
1699,Local,0,1,3
1755,Local,2,0,0
1763,Local,1,1,0
1817,Local,2,0,0
1825,Local,1,1,0
1883,Local,1,1,0
1891,Local,1,1,0
1894,East,1,1,3
1948,Local,2,1,1
1956,Local,2,1,1
1959,East,1,1,3
2014,Local,2,1,1
2022,Local,2,1,1
2025,East,1,1,3
2078,Local,3,1,2
2086,Local,2,1,1
2089,East,1,1,3
2141,Local,3,1,2
2149,Local,2,1,1
2152,East,0,2,3
2206,Local,2,2,3
2214,Local,2,1,1
2217,East,0,2,3
2271,Local,2,2,3
2279,Local,3,1,2
2282,East,0,2,3
2333,Local,3,2,0
2341,Local,3,1,2
2344,East,0,2,3
2396,Local,3,2,0
2404,Local,3,1,2
2407,East,0,2,3
2462,Local,2,3,0
2470,Local,4,1,3
2473,East,1,2,0
2527,Local,3,3,1
2535,Local,4,1,3
2538,East,1,2,0
2588,Local,3,3,1
2596,Local,4,1,3
2599,East,1,2,0
2651,Local,2,0,1
2659,Local,3,2,3
2662,East,0,3,0
2714,Local,2,0,1
2722,Local,3,2,3
2725,East,1,3,1
2779,Local,3,0,2
2787,Local,3,2,3
2790,East,1,3,1
2844,Local,3,0,2
2852,Local,4,2,0
2855,East,1,3,1
2908,Local,3,0,2
2916,Local,4,2,0
2919,East,0,0,1
2979,Local,4,2,0
2982,East,1,0,2
3041,Local,4,2,0
3044,East,1,0,2
3102,Local,4,2,0
3105,East,1,0,2
3164,Local,4,2,0
3167,East,0,1,2
3226,Local,4,2,0
3229,East,0,1,2
3291,Local,4,2,0
3294,East,0,1,2
3353,Local,4,2,0
3356,East,0,1,2
3415,Local,3,3,0
3418,East,0,1,2
3478,Local,3,3,0
3481,East,1,1,3
3544,Local,3,3,0
3547,East,1,1,3
3608,Local,4,3,1
3611,East,1,1,3
3672,Local,4,3,1
3675,East,0,2,3
3736,Local,4,3,1
3739,East,1,2,0
3801,Local,4,3,1
3804,East,0,3,0
3863,Local,4,3,1
3866,East,0,3,0
3926,Local,4,3,1
3929,East,0,3,0
3989,Local,4,3,1
3992,East,0,3,0
4051,Local,4,3,1
4054,East,0,3,0
4114,Local,4,3,1
4117,East,0,3,0
4178,Local,4,3,1
4181,East,0,3,0
4242,Local,4,3,1
4245,East,1,3,1
4307,Local,4,3,1
4310,East,0,0,1
4371,Local,4,3,1
4374,East,0,0,1
4434,Local,3,0,1
4437,East,0,0,1
4497,Local,3,0,1
4500,East,1,0,2
4564,Local,3,0,1
4567,East,0,1,2
4629,Local,2,1,2
4632,East,0,1,2
4692,Local,2,1,2
4695,East,0,1,2
4756,Local,3,1,3
4759,East,1,1,3
4821,Local,3,1,3
4824,East,0,2,3
4884,Local,3,1,3
4887,East,0,2,3
4949,Local,2,2,3
4952,East,0,2,3
5013,Local,3,2,0
5016,East,0,2,3
5077,Local,3,2,0
5080,East,0,2,3
5142,Local,3,2,0
5145,East,0,2,3
5207,Local,3,2,0
5210,East,0,2,3
5215,Local,1,0,2
5277,East,1,2,0
5282,Local,1,0,2
5340,East,1,2,0
5345,Local,2,0,3
5402,East,1,2,0
5407,Local,2,0,3
5468,East,1,2,0
5473,Local,1,1,3
5516,Local,2,2,1
5535,East,0,3,0
5540,Local,2,1,0
5579,Local,2,2,1
5598,East,0,3,0
5603,Local,2,1,0
5645,Local,2,2,1
5653,Local,2,3,2
5664,East,0,3,0
5669,Local,3,1,1
5711,Local,2,2,1
5719,Local,2,3,2
5730,East,0,3,0
5735,Local,2,2,1
5778,Local,1,3,2
5786,Local,3,3,3
5797,East,1,3,1
5802,Local,3,2,2
5842,Local,1,3,2
5850,Local,3,3,3
5861,East,1,3,1
5866,Local,3,2,2
5908,Local,2,3,3
5916,Local,4,3,0
5927,East,1,3,1
5932,Local,2,3,3
5971,Local,2,3,3
5979,Local,4,3,0
5990,East,1,3,1
5995,Local,2,3,3
6035,Local,3,3,0
6043,Local,4,3,0
6054,East,0,0,2
6059,Local,2,3,3
6098,Local,3,3,0
6106,Local,4,3,0
6117,East,0,0,2
6122,Local,3,3,0
6164,Local,3,3,0
6172,Local,4,3,0
6183,East,0,0,2
6188,Local,2,0,0
6228,Local,4,3,1
6236,Local,4,3,0
6247,East,0,0,2
6252,Local,1,1,1
6291,Local,3,0,1
6299,Local,4,3,0
6310,East,1,0,3
6315,Local,1,1,1
6355,Local,3,0,1
6363,Local,4,3,0
6374,East,0,1,3
6379,Local,1,1,1
6420,Local,4,0,2
6428,Local,4,3,0
6439,East,0,1,3
6482,Local,4,0,2
6490,Local,4,3,0
6501,East,0,1,3
6546,Local,3,1,2
6554,Local,4,3,0
6565,East,0,1,3
6609,Local,3,1,2
6617,Local,4,3,0
6628,East,0,1,3
6674,Local,3,1,2
6682,Local,4,3,0
6693,East,0,1,3
6737,Local,4,1,3
6745,Local,4,3,0
6756,East,0,1,3
6801,Local,3,2,3
6809,Local,4,3,0
6820,East,1,1,0
6863,Local,3,2,3
6871,Local,4,3,0
6882,East,1,1,0
6925,Local,3,2,3
6933,Local,4,3,0
6944,East,1,1,0
6987,Local,3,2,3
6995,Local,4,3,0
7006,East,0,2,0
7051,Local,2,3,3
7059,Local,4,3,0
7070,East,0,2,0
7116,Local,2,3,3
7124,Local,4,3,0
7135,East,0,2,0
7181,Local,3,3,0
7189,Local,3,0,0
7200,East,0,2,0
7244,Local,3,3,0
7252,Local,3,0,0
7263,East,0,2,0
7311,Local,2,0,0
7319,Local,4,0,1
7330,East,0,2,0
7375,Local,3,0,1
7383,Local,4,0,1
7394,East,0,2,0
7438,Local,3,0,1
7446,Local,4,0,1
7457,East,1,2,1
7500,Local,4,0,2
7508,Local,4,0,1
7519,East,1,2,1
7563,Local,4,0,2
7571,Local,4,0,1
7582,East,1,2,1
7627,Local,4,0,2
7635,Local,4,0,1
7646,East,1,2,1
7691,Local,4,0,2
7699,Local,3,1,1
7710,East,2,2,2
7753,Local,4,0,2
7761,Local,3,1,1
7772,East,2,2,2
7818,Local,4,0,2
7826,Local,3,1,1
7837,East,2,2,2
7882,Local,4,0,2
7890,Local,2,2,2
7901,East,2,2,2
7944,Local,4,0,2
7952,Local,2,2,2
7963,East,2,2,2
8007,Local,4,0,2
8015,Local,2,2,2
8026,East,2,2,2
8070,Local,4,0,2
8078,Local,2,2,2
8089,East,2,2,2
8134,Local,4,0,2
8142,Local,1,3,2
8153,East,2,2,2
8200,Local,4,0,2
8208,Local,0,0,3
8219,East,3,2,3
8264,Local,4,0,2
8272,Local,0,0,3
8283,East,2,3,3
8288,Local,1,0,2
8327,Local,4,0,2
8335,Local,0,0,3
8346,East,1,0,3
8351,Local,1,0,2
8391,Local,4,0,2
8399,Local,0,0,3
8410,East,1,0,3
8415,Local,2,0,3
8456,Local,4,0,2
8464,Local,1,0,0
8475,East,1,0,3
8480,Local,2,0,3
8522,Local,4,0,2
8530,Local,1,0,0
8541,East,1,0,3
8546,Local,1,1,0
8586,Local,4,0,2
8594,Local,1,0,0
8605,East,0,1,3
8610,Local,1,1,0
8648,Local,4,0,2
8656,Local,1,0,0
8667,East,0,1,3
8672,Local,2,1,1
8713,Local,4,0,2
8721,Local,0,1,0
8732,East,0,1,3
8737,Local,2,1,1
8778,Local,4,0,2
8786,Local,1,1,1
8797,East,0,1,3
8802,Local,1,2,2
8842,Local,3,1,2
8850,Local,1,1,1
8861,East,1,1,0
8866,Local,1,2,2
8905,Local,3,1,2
8913,Local,1,1,1
8924,East,0,2,0
8929,Local,2,2,3
8970,Local,3,1,2
8978,Local,0,2,1
8989,East,0,2,0
8994,Local,2,2,3
9035,Local,3,1,2
9043,Local,1,2,2
9054,East,0,2,0
9100,Local,3,1,2
9108,Local,1,2,2
9119,East,1,2,1
9165,Local,4,1,3
9173,Local,1,2,2
9184,East,0,3,1
9231,Local,4,1,3
9250,East,0,3,1
9294,Local,4,1,3
9313,East,0,3,1
9357,Local,4,1,3
9376,East,1,3,2
9420,Local,4,1,3
9439,East,1,3,2
9486,Local,3,2,3
9505,East,1,3,2
9550,Local,3,2,3
9566,Local,2,1,0
9569,East,0,0,2
9614,Local,4,2,0
9630,Local,2,1,0
9633,East,1,0,3
9677,Local,4,2,0
9693,Local,2,1,0
9696,East,0,1,3
9740,Local,4,2,0
9756,Local,3,1,1
9759,East,0,1,3
9805,Local,4,2,0
9821,Local,2,2,1
9824,East,0,1,3
9869,Local,4,2,0
9885,Local,3,2,2
9888,East,0,1,3
9932,Local,4,2,0
9948,Local,3,2,2
9951,East,0,1,3
9996,Local,3,3,0
10012,Local,3,2,2
10015,East,0,1,3
10062,Local,3,3,0
10078,Local,2,3,3
10081,East,0,1,3
10127,Local,4,3,1
10143,Local,2,3,3
10146,East,0,1,3
10191,Local,4,3,1
10207,Local,2,3,3
10210,East,0,1,3
10254,Local,4,3,1
10270,Local,3,3,0
10273,East,0,1,3
10319,Local,4,3,1
10335,Local,2,0,0
10338,East,0,1,3
10383,Local,4,3,1
10399,Local,3,0,1
10402,East,1,1,0
10446,Local,4,3,1
10462,Local,3,0,1
10465,East,1,1,0
10510,Local,3,0,1
10526,Local,3,0,1
10529,East,1,1,0
10574,Local,3,0,1
10590,Local,4,0,2
10593,East,0,2,0
10636,Local,3,0,1
10652,Local,4,0,2
10655,East,1,2,1
10698,Local,3,0,1
10714,Local,4,0,2
10717,East,1,2,1
10761,Local,3,0,1
10777,Local,4,0,2
10780,East,1,2,1
10825,Local,4,0,2
10841,Local,4,0,2
10844,East,0,3,1
10849,Local,2,2,1
10886,Local,4,0,2
10902,Local,4,0,2
10905,East,1,3,2
10910,Local,2,2,1
10950,Local,4,0,2
10966,Local,4,0,2
10969,East,1,3,2
10974,Local,2,2,1
11013,Local,4,0,2
11029,Local,4,0,2
11032,East,1,3,2
11037,Local,3,2,2
11077,Local,4,0,2
11093,Local,4,0,2
11096,East,0,0,2
11101,Local,2,3,2
11140,Local,4,0,2
11156,Local,4,0,2
11159,East,1,0,3
11164,Local,3,3,3
11203,Local,4,0,2
11219,Local,4,0,2
11222,East,1,0,3
11227,Local,3,3,3
11266,Local,4,0,2
11282,Local,4,0,2
11285,East,1,0,3
11290,Local,3,3,3
11329,Local,4,0,2
11345,Local,4,0,2
11348,East,0,1,3
11353,Local,2,0,0
11392,Local,4,0,2
11408,Local,4,0,2
11411,East,1,1,0
11416,Local,2,0,0
11456,Local,4,0,2
11472,Local,4,0,2
11475,East,1,1,0
11480,Local,2,0,0
11519,Local,4,0,2
11535,Local,4,0,2
11538,East,1,1,0
11543,Local,3,0,1
11581,Local,4,0,2
11597,Local,4,0,2
11600,East,0,2,0
11605,Local,2,1,1
11643,Local,4,0,2
11659,Local,4,0,2
11662,East,1,2,1
11667,Local,2,1,1
11707,Local,4,0,2
11715,Local,0,0,1
11723,Local,4,0,2
11726,East,1,2,1
11731,Local,2,1,1
11768,Local,4,0,2
11776,Local,0,0,1
11784,Local,4,0,2
11787,East,1,2,1
11792,Local,2,1,1
11831,Local,4,0,2
11839,Local,0,0,1
11847,Local,4,0,2
11850,East,0,3,1
11855,Local,1,2,1
11895,Local,4,0,2
11903,Local,0,0,1
11911,Local,4,0,2
11914,East,1,3,2
11919,Local,2,2,2
11959,Local,4,0,2
11967,Local,1,0,2
11975,Local,4,0,2
11978,East,0,0,2
11983,Local,2,2,2
12021,Local,4,0,2
12029,Local,1,0,2
12037,Local,4,0,2
12040,East,0,0,2
12045,Local,1,3,2
12085,Local,3,1,2
12093,Local,1,0,2
12101,Local,3,1,2
12104,East,0,0,2
12109,Local,1,3,2
12150,Local,3,1,2
12158,Local,0,1,2
12166,Local,3,1,2
12169,East,1,0,3
12174,Local,2,3,3
12215,Local,3,1,2
12223,Local,0,1,2
12231,Local,4,1,3
12234,East,0,1,3
12239,Local,2,3,3
12277,Local,3,1,2
12285,Local,0,1,2
12293,Local,4,1,3
12296,East,0,1,3
12301,Local,3,3,0
12339,Local,3,1,2
12347,Local,0,1,2
12355,Local,3,2,3
12358,East,0,1,3
12363,Local,3,3,0
12403,Local,2,2,2
12411,Local,0,1,2
12419,Local,3,2,3
12422,East,1,1,0
12427,Local,3,3,0
12468,Local,3,2,3
12476,Local,1,1,3
12484,Local,3,2,3
12487,East,1,1,0
12492,Local,2,0,0
12532,Local,3,2,3
12540,Local,1,1,3
12548,Local,3,2,3
12551,East,1,1,0
12556,Local,2,0,0
12598,Local,4,2,0
12606,Local,2,1,0
12614,Local,2,3,0
12617,East,1,1,0
12622,Local,2,0,0
12664,Local,4,2,0
12672,Local,1,2,0
12680,Local,2,3,0
12683,East,1,1,0
12688,Local,1,1,1
12728,Local,4,2,0
12736,Local,2,2,1
12744,Local,2,3,0
12747,East,1,1,0
12752,Local,1,1,1
12791,Local,4,2,0
12799,Local,2,2,1
12807,Local,2,3,0
12810,East,1,1,0
12815,Local,2,1,2
12854,Local,4,2,0
12862,Local,2,2,1
12870,Local,3,3,1
12873,East,0,2,0
12878,Local,2,1,2
12919,Local,4,2,0
12927,Local,1,3,2
12935,Local,2,0,1
12938,East,0,2,0
12943,Local,2,1,2
12982,Local,4,2,0
12990,Local,1,3,2
12998,Local,2,0,1
13001,East,0,2,0
13006,Local,3,1,3
13045,Local,4,2,0
13053,Local,1,3,2
13061,Local,2,0,1
13064,East,0,2,0
13069,Local,3,1,3
13111,Local,4,2,0
13119,Local,0,0,3
13127,Local,1,1,1
13130,East,0,2,0
13135,Local,4,1,0
13174,Local,3,3,0
13182,Local,0,0,3
13190,Local,1,1,1
13193,East,0,2,0
13198,Local,3,2,0
13238,Local,3,3,0
13246,Local,0,0,3
13254,Local,1,1,1
13257,East,1,2,1
13262,Local,3,2,0
13303,Local,4,3,1
13311,Local,0,0,3
13319,Local,2,1,2
13322,East,0,3,1
13327,Local,3,2,0
13365,Local,4,3,1
13373,Local,1,0,0
13381,Local,2,1,2
13384,East,0,3,1
13389,Local,3,2,0
13428,Local,4,3,1
13436,Local,1,0,0
13444,Local,2,1,2
13447,East,0,3,1
13452,Local,2,3,0
13493,Local,4,3,1
13501,Local,1,0,0
13509,Local,3,1,3
13512,East,0,3,1
13517,Local,2,3,0
13559,Local,4,3,1
13575,Local,3,1,3
13578,East,0,3,1
13583,Local,2,3,0
13625,Local,3,0,1
13641,Local,4,1,0
13644,East,0,3,1
13688,Local,3,0,1
13704,Local,3,2,0
13707,East,0,3,1
13751,Local,3,0,1
13767,Local,3,2,0
13770,East,1,3,2
13815,Local,3,0,1
13831,Local,3,2,0
13834,East,1,3,2
13880,Local,3,0,1
13899,East,1,3,2
13944,Local,3,0,1
13963,East,1,3,2
14008,Local,3,0,1
14027,East,2,3,3
14070,Local,3,0,1
14089,East,2,3,3
14134,Local,3,0,1
14153,East,1,0,3
14158,Local,1,2,0
14199,Local,4,0,2
14218,East,0,1,3
14223,Local,1,2,0
14262,Local,4,0,2
14281,East,0,1,3
14286,Local,1,2,0
14324,Local,4,0,2
14343,East,0,1,3
14348,Local,1,2,0
14388,Local,3,1,2
14407,East,0,1,3
14412,Local,1,2,0
14451,Local,3,1,2
14470,East,0,1,3
14475,Local,0,3,1
14514,Local,3,1,2
14533,East,1,1,0
14538,Local,0,3,1
14577,Local,3,1,2
14596,East,1,1,0
14601,Local,1,3,2
14639,Local,2,2,2
14658,East,1,1,0
14663,Local,1,3,2
14703,Local,2,2,2
14722,East,1,1,0
14727,Local,1,3,2
14768,Local,3,2,3
14787,East,1,1,0
14792,Local,1,3,2
14834,Local,2,3,3
14853,East,1,1,0
14858,Local,1,3,2
14898,Local,2,3,3
14917,East,0,2,0
14922,Local,2,3,3
14961,Local,2,3,3
14980,East,0,2,0
14985,Local,1,0,3
15025,Local,2,3,3
15044,East,1,2,1
15049,Local,1,0,3
15090,Local,2,3,3
15098,Local,0,1,2
15109,East,0,3,1
15114,Local,1,0,3
15153,Local,1,0,3
15161,Local,0,1,2
15172,East,0,3,1
15177,Local,1,0,3
15218,Local,1,0,3
15226,Local,0,1,2
15237,East,0,3,1
15242,Local,0,1,3
15282,Local,1,0,3
15290,Local,1,1,3
15301,East,0,3,1
15306,Local,1,1,0
15346,Local,1,0,3
15354,Local,1,1,3
15365,East,0,3,1
15370,Local,1,1,0
15410,Local,0,1,3
15418,Local,2,1,0
15429,East,0,3,1
15434,Local,2,1,1
15474,Local,0,1,3
15482,Local,1,2,0
15493,East,0,3,1
15498,Local,1,2,1
15539,Local,0,1,3
15547,Local,2,2,1
15558,East,1,3,2
15563,Local,1,2,1
15603,Local,1,1,0
15611,Local,2,2,1
15622,East,1,3,2
15627,Local,2,2,2
15668,Local,0,2,0
15676,Local,1,3,2
15687,East,1,3,2
15692,Local,2,2,2
15733,Local,0,2,0
15741,Local,1,3,2
15752,East,1,3,2
15757,Local,1,3,3
15797,Local,0,2,0
15805,Local,1,3,2
15816,East,2,3,3
15821,Local,1,3,3
15862,Local,1,2,1
15870,Local,1,3,2
15881,East,2,3,3
15886,Local,1,3,3
15926,Local,1,2,1
15934,Local,2,3,3
15945,East,2,3,3
15950,Local,2,3,0
15989,Local,1,2,1
15997,Local,1,0,3
16008,East,2,3,3
16013,Local,2,3,0
16054,Local,0,3,1
16062,Local,1,0,3
16073,East,3,3,0
16078,Local,2,3,0
16117,Local,1,3,2
16125,Local,1,0,3
16136,East,3,3,0
16141,Local,2,3,0
16179,Local,1,3,2
16187,Local,1,0,3
16198,East,2,0,0
16203,Local,2,3,0
16244,Local,1,3,2
16252,Local,2,0,0
16263,East,1,1,0
16268,Local,1,0,0
16309,Local,0,0,2
16317,Local,2,0,0
16328,East,0,2,0
16333,Local,1,0,0
16373,Local,0,0,2
16381,Local,2,0,0
16392,East,0,2,0
16397,Local,2,0,1
16435,Local,0,0,2
16443,Local,2,0,0
16454,East,0,2,0
16459,Local,2,0,1
16498,Local,1,0,3
16506,Local,1,1,0
16517,East,0,2,0
16522,Local,2,0,1
16561,Local,1,0,3
16569,Local,1,1,0
16580,East,0,2,0
16585,Local,2,0,1
16625,Local,1,0,3
16633,Local,1,1,0
16644,East,0,2,0
16649,Local,2,0,1
16689,Local,2,0,0
16697,Local,0,2,0
16708,East,0,2,0
16713,Local,2,0,1
16753,Local,2,0,0
16761,Local,1,2,1
16772,East,0,2,0
16777,Local,1,1,1
16816,Local,2,0,0
16824,Local,1,2,1
16835,East,0,2,0
16840,Local,1,1,1
16882,Local,2,0,0
16890,Local,1,2,1
16901,East,0,2,0
16906,Local,2,1,2
16947,Local,1,1,1
16955,Local,2,2,2
16966,East,0,2,0
16971,Local,2,1,2
17010,Local,1,1,1
17018,Local,2,2,2
17029,East,0,2,0
17034,Local,1,2,2
17074,Local,1,1,1
17082,Local,3,2,3
17093,East,0,2,0
17098,Local,1,2,2
17137,Local,2,1,2
17145,Local,3,2,3
17156,East,0,2,0
17161,Local,1,2,2
17200,Local,2,1,2
17208,Local,3,2,3
17219,East,0,2,0
17224,Local,1,2,2
17266,Local,2,1,2
17274,Local,2,3,0
17285,East,0,2,0
17328,Local,2,1,2
17336,Local,2,3,0
17347,East,0,2,0
17394,Local,2,1,2
17402,Local,2,3,0
17413,East,0,2,0
17458,Local,3,1,3
17466,Local,3,3,1
17477,East,0,2,0
17524,Local,3,1,3
17532,Local,2,0,1
17536,West,2,0,3
17543,East,0,2,0
17590,Local,4,1,0
17598,Local,3,0,2
17602,West,2,0,3
17609,East,1,2,1
17656,Local,4,1,0
17664,Local,3,0,2
17668,West,2,0,3
17675,East,0,3,1
17721,Local,4,1,0
17729,Local,4,0,3
17733,West,2,0,3
17740,East,0,3,1
17785,Local,4,1,0
17793,Local,3,1,3
17797,West,1,1,3
17804,East,0,3,1
17847,Local,4,1,0
17855,Local,3,1,3
17859,West,1,1,3
17866,East,0,3,1
17913,Local,4,1,0
17921,Local,3,1,3
17925,West,1,1,3
17932,East,0,3,1
17977,Local,4,1,0
17985,Local,4,1,0
17989,West,1,1,3
17993,Local,2,1,0
17996,East,0,3,1
18040,Local,4,1,0
18048,Local,3,2,0
18052,West,0,2,3
18056,Local,2,1,0
18059,East,0,3,1
18103,Local,4,1,0
18111,Local,3,2,0
18115,West,0,2,3
18119,Local,2,1,0
18122,East,0,3,1
18169,Local,4,1,0
18177,Local,3,2,0
18181,West,0,2,3
18185,Local,2,1,0
18188,East,0,3,1
18232,Local,4,1,0
18240,Local,4,2,1
18244,West,0,2,3
18248,Local,2,1,0
18251,East,0,3,1
18296,Local,4,1,0
18304,Local,3,3,1
18308,West,0,2,3
18312,Local,3,1,1
18315,East,0,3,1
18360,Local,4,1,0
18368,Local,3,3,1
18372,West,0,2,3
18376,Local,3,1,1
18379,East,1,3,2
18424,Local,4,1,0
18432,Local,4,3,2
18436,West,0,2,3
18440,Local,4,1,2
18443,East,1,3,2
18485,Local,4,1,0
18493,Local,4,3,2
18497,West,0,2,3
18501,Local,4,1,2
18504,East,1,3,2
18548,Local,4,1,0
18556,Local,3,0,2
18560,West,0,2,3
18564,Local,4,1,2
18567,East,0,0,2
18612,Local,4,1,0
18620,Local,3,0,2
18624,West,0,2,3
18628,Local,4,1,2
18631,East,1,0,3
18676,Local,4,1,0
18684,Local,4,0,3
18688,West,0,2,3
18692,Local,4,1,2
18695,East,1,0,3
18737,Local,4,1,0
18745,Local,4,0,3
18749,West,0,2,3
18753,Local,4,1,2
18756,East,1,0,3
18800,Local,4,1,0
18808,Local,3,1,3
18812,West,0,2,3
18816,Local,3,2,2
18819,East,0,1,3
18862,Local,4,1,0
18870,Local,3,1,3
18874,West,0,2,3
18878,Local,3,2,2
18881,East,1,1,0
18925,Local,4,1,0
18933,Local,4,1,0
18937,West,0,2,3
18941,Local,3,2,2
18944,East,0,2,0
18987,Local,4,1,0
18995,Local,4,1,0
18999,West,0,2,3
19003,Local,3,2,2
19006,East,0,2,0
19052,Local,4,1,0
19060,Local,3,2,0
19064,West,0,2,3
19068,Local,3,2,2
19071,East,0,2,0
19076,Local,0,0,1
19114,Local,4,1,0
19122,Local,3,2,0
19126,West,0,2,3
19130,Local,4,2,3
19133,East,1,2,1
19138,Local,0,0,1
19178,Local,4,1,0
19186,Local,3,2,0
19190,West,0,2,3
19194,Local,4,2,3
19197,East,0,3,1
19202,Local,0,0,1
19241,Local,4,1,0
19249,Local,2,3,0
19253,West,0,2,3
19257,Local,4,2,3
19260,East,0,3,1
19265,Local,1,0,2
19305,Local,3,2,0
19313,Local,2,3,0
19317,West,0,2,3
19321,Local,3,3,3
19324,East,0,3,1
19329,Local,1,0,2
19368,Local,3,2,0
19371,East,1,1,3
19376,Local,2,3,0
19380,West,0,2,3
19384,Local,3,3,3
19387,East,0,3,1
19392,Local,2,0,3
19433,Local,3,2,0
19436,East,0,2,3
19441,Local,2,3,0
19445,West,0,2,3
19449,Local,3,3,3
19452,East,0,3,1
19457,Local,2,0,3
19498,Local,4,2,1
19501,East,0,2,3
19506,Local,2,3,0
19510,West,0,2,3
19514,Local,3,3,3
19517,East,0,3,1
19522,Local,1,1,0
19563,Local,3,3,1
19566,East,0,2,3
19571,Local,2,3,0
19575,West,0,2,3
19579,Local,2,0,0
19582,East,0,3,1
19587,Local,1,1,0
19626,Local,3,3,1
19629,East,1,2,0
19634,Local,3,3,1
19638,West,0,2,3
19642,Local,2,0,0
19645,East,1,3,2
19650,Local,1,1,0
19692,Local,3,3,1
19695,East,0,3,0
19700,Local,3,3,1
19704,West,0,2,3
19708,Local,2,0,0
19711,East,0,0,2
19716,Local,2,1,1
19759,Local,3,3,1
19762,East,0,3,0
19767,Local,4,3,2
19771,West,0,2,3
19775,Local,1,1,0
19778,East,0,0,2
19783,Local,1,2,1
19827,East,0,3,0
19832,Local,4,3,2
19836,West,0,2,3
19840,Local,2,1,1
19843,East,0,0,2
19848,Local,2,2,2
19890,East,0,3,0
19895,Local,4,3,2
19899,West,1,2,0
19903,Local,2,1,1
19906,East,0,0,2
19911,Local,2,2,2
19954,East,0,3,0
19959,Local,4,3,2
19963,West,0,3,0
19967,Local,2,1,1
19970,East,0,0,2
19975,Local,3,2,3
20018,East,0,3,0
20023,Local,4,3,2
20027,West,0,3,0
20031,Local,1,2,1
20034,East,0,0,2
20039,Local,3,2,3
20080,East,0,3,0
20085,Local,4,3,2
20089,West,0,3,0
20093,Local,1,2,1
20096,East,0,0,2
20101,Local,3,2,3
20142,East,0,3,0
20147,Local,4,3,2
20151,West,1,3,1
20155,Local,1,2,1
20158,East,0,0,2
20163,Local,3,2,3
20205,East,0,3,0
20210,Local,4,3,2
20214,West,1,3,1
20218,Local,1,2,1
20221,East,0,0,2
20226,Local,3,2,3
20266,Local,1,2,0
20269,East,0,3,0
20274,Local,4,3,2
20278,West,1,3,1
20282,Local,1,2,1
20285,East,0,0,2
20290,Local,2,3,3
20327,Local,1,2,0
20330,East,0,3,0
20335,Local,4,3,2
20339,West,1,3,1
20343,Local,1,2,1
20346,East,0,0,2
20351,Local,2,3,3
20391,Local,1,2,0
20394,East,0,3,0
20399,Local,4,3,2
20403,West,1,3,1
20407,Local,1,2,1
20410,East,0,0,2
20415,Local,2,3,3
20454,Local,2,2,1
20457,East,0,3,0
20462,Local,4,3,2
20466,West,1,3,1
20470,Local,1,2,1
20473,East,0,0,2
20478,Local,2,3,3
20520,Local,1,3,1
20523,East,0,3,0
20528,Local,3,0,2
20532,West,1,3,1
20536,Local,1,2,1
20539,East,0,0,2
20544,Local,1,0,3
20583,Local,2,3,2
20586,East,0,3,0
20591,Local,3,0,2
20595,West,2,3,2
20599,Local,2,2,2
20602,East,0,0,2
20607,Local,1,0,3
20648,Local,2,3,2
20651,East,0,3,0
20656,Local,3,0,2
20660,West,2,3,2
20664,Local,2,2,2
20667,East,0,0,2
20672,Local,1,0,3
20712,Local,3,3,3
20715,East,0,3,0
20720,Local,4,0,3
20724,West,2,3,2
20728,Local,2,2,2
20731,East,0,0,2
20736,Local,2,0,0
20775,Local,3,3,3
20778,East,0,3,0
20783,Local,3,1,3
20787,West,2,3,2
20791,Local,2,2,2
20794,East,0,0,2
20799,Local,1,1,0
20837,Local,3,3,3
20840,East,0,3,0
20845,Local,3,1,3
20849,West,3,3,3
20853,Local,2,2,2
20856,East,1,0,3
20861,Local,1,1,0
20902,Local,3,3,3
20905,East,0,3,0
20910,Local,3,1,3
20914,West,3,3,3
20918,Local,3,2,3
20921,East,1,0,3
20926,Local,1,1,0
20965,Local,4,3,0
20968,East,0,3,0
20973,Local,3,1,3
20977,West,3,3,3
20981,Local,3,2,3
20984,East,1,0,3
20989,Local,2,1,1
21031,Local,3,0,0
21034,East,0,3,0
21039,Local,2,2,3
21043,West,3,3,3
21047,Local,3,2,3
21050,East,0,1,3
21055,Local,1,2,1
21095,Local,3,0,0
21098,East,0,3,0
21103,Local,3,2,0
21107,West,4,3,0
21111,Local,3,2,3
21114,East,1,1,0
21119,Local,2,2,2
21159,Local,4,0,1
21162,East,0,3,0
21167,Local,3,2,0
21171,West,4,3,0
21175,Local,3,2,3
21178,East,1,1,0
21183,Local,2,2,2
21222,Local,4,0,1
21225,East,0,3,0
21230,Local,3,2,0
21234,West,4,3,0
21238,Local,3,2,3
21241,East,1,1,0
21246,Local,3,2,3
21285,Local,4,0,1
21288,East,0,3,0
21297,West,3,0,0
21301,Local,3,2,3
21304,East,0,2,0
21309,Local,3,2,3
21348,Local,4,0,1
21351,East,1,3,1
21360,West,2,1,0
21364,Local,3,2,3
21367,East,1,2,1
21372,Local,3,2,3
21413,Local,4,0,1
21416,East,0,0,1
21425,West,2,1,0
21429,Local,3,2,3
21432,East,1,2,1
21437,Local,4,2,0
21476,Local,4,0,1
21479,East,0,0,1
21488,West,2,1,0
21492,Local,4,2,0
21495,East,1,2,1
21500,Local,4,2,0
21541,Local,4,0,1
21544,East,0,0,1
21549,Local,1,0,2
21553,West,2,1,0
21557,Local,3,3,0
21560,East,0,3,1
21565,Local,3,3,0
21604,Local,4,0,1
21607,East,0,0,1
21612,Local,1,0,2
21616,West,3,1,1
21620,Local,3,3,0
21623,East,1,3,2
21628,Local,3,3,0
21670,Local,4,0,1
21673,East,0,0,1
21678,Local,1,0,2
21682,West,3,1,1
21686,Local,4,3,1
21689,East,0,0,2
21694,Local,4,3,1
21731,Local,4,0,1
21734,East,0,0,1
21739,Local,1,0,2
21743,West,3,1,1
21747,Local,4,3,1
21750,East,0,0,2
21755,Local,4,3,1
21796,Local,3,1,1
21799,East,0,0,1
21804,Local,0,1,2
21808,West,3,1,1
21812,Local,3,0,1
21815,East,0,0,2
21820,Local,3,0,1
21858,Local,3,1,1
21861,East,1,0,2
21866,Local,0,1,2
21870,West,3,1,1
21874,Local,3,0,1
21877,East,0,0,2
21882,Local,3,0,1
21923,Local,3,1,1
21926,East,0,1,2
21931,Local,1,1,3
21935,West,3,1,1
21939,Local,3,0,1
21942,East,0,0,2
21947,Local,3,0,1
21986,Local,3,1,1
21989,East,0,1,2
21994,Local,1,1,3
21998,West,3,1,1
22002,Local,3,0,1
22005,East,0,0,2
22010,Local,3,0,1
22052,Local,2,2,1
22055,East,0,1,2
22060,Local,2,1,0
22064,West,2,2,1
22068,Local,4,0,2
22071,East,0,0,2
22076,Local,2,1,1
22115,Local,3,2,2
22118,East,1,1,3
22123,Local,2,1,0
22127,West,2,2,1
22131,Local,4,0,2
22134,East,0,0,2
22139,Local,2,1,1
22181,Local,3,2,2
22184,East,0,2,3
22189,Local,2,1,0
22193,West,2,2,1
22197,Local,4,0,2
22200,East,0,0,2
22205,Local,3,1,2
22243,Local,2,3,2
22246,East,0,2,3
22251,Local,2,1,0
22255,West,2,2,1
22259,Local,4,0,2
22262,East,0,0,2
22267,Local,3,1,2
22306,Local,2,3,2
22309,East,0,2,3
22314,Local,1,2,0
22318,West,1,3,1
22322,Local,4,0,2
22325,East,0,0,2
22330,Local,2,2,2
22368,Local,2,3,2
22371,East,0,2,3
22376,Local,1,2,0
22380,West,2,3,2
22384,Local,4,0,2
22387,East,1,0,3
22392,Local,2,2,2
22434,Local,2,3,2
22437,East,0,2,3
22442,Local,1,2,0
22446,West,2,3,2
22450,Local,4,0,2
22453,East,0,1,3
22458,Local,3,2,3
22496,Local,3,3,3
22499,East,0,2,3
22504,Local,1,2,0
22508,West,2,3,2
22512,Local,4,0,2
22515,East,0,1,3
22520,Local,3,2,3
22561,Local,2,0,3
22564,East,0,2,3
22569,Local,1,2,0
22573,West,2,3,2
22577,Local,3,1,2
22580,East,0,1,3
22585,Local,3,2,3
22626,Local,3,0,0
22629,East,0,2,3
22634,Local,2,2,1
22638,West,3,3,3
22642,Local,3,1,2
22645,East,1,1,0
22650,Local,3,2,3
22690,Local,3,0,0
22693,East,0,2,3
22698,Local,2,2,1
22702,West,3,3,3
22706,Local,4,1,3
22709,East,1,1,0
22714,Local,4,2,0
22753,Local,3,0,0
22756,East,0,2,3
22761,Local,2,2,1
22765,West,3,3,3
22769,Local,4,1,3
22772,East,1,1,0
22777,Local,4,2,0
22819,Local,2,1,1
22822,East,0,2,3
22827,Local,1,3,2
22831,West,3,3,3
22835,Local,4,1,3
22838,East,0,2,0
22843,Local,3,3,0
22881,Local,2,1,1
22884,East,1,2,0
22889,Local,1,3,2
22893,West,3,3,3
22897,Local,4,1,3
22900,East,1,2,1
22905,Local,3,3,0
22944,Local,2,1,1
22947,East,1,2,0
22952,Local,1,3,2
22956,West,3,3,3
22960,Local,4,1,3
22963,East,1,2,1
22968,Local,3,3,0
23006,Local,2,1,1
23009,East,1,2,0
23014,Local,1,3,2
23018,West,3,3,3
23022,Local,4,1,3
23025,East,1,2,1
23030,Local,4,3,1
23070,Local,2,1,1
23073,East,1,2,0
23078,Local,0,0,2
23082,West,2,0,3
23086,Local,4,1,3
23089,East,0,3,1
23094,Local,3,0,1
23133,Local,3,1,2
23136,East,1,2,0
23141,Local,0,0,2
23145,West,3,0,0
23149,Local,4,1,3
23152,East,0,3,1
23157,Local,3,0,1
23196,Local,3,1,2
23199,East,1,2,0
23204,Local,1,0,3
23208,West,3,0,0
23212,Local,4,1,3
23215,East,0,3,1
23220,Local,3,0,1
23258,Local,4,1,3
23261,East,1,2,0
23266,Local,1,0,3
23270,West,3,0,0
23274,Local,4,1,3
23277,East,0,3,1
23282,Local,3,0,1
23321,Local,3,2,3
23324,East,1,2,0
23329,Local,1,0,3
23333,West,3,0,0
23337,Local,4,1,3
23340,East,0,3,1
23345,Local,2,1,1
23382,Local,3,2,3
23385,East,1,2,0
23390,Local,1,0,3
23394,West,4,0,1
23398,Local,4,1,3
23401,East,1,3,2
23406,Local,2,1,1
23449,Local,3,2,3
23452,East,1,2,0
23457,Local,1,0,3
23461,West,3,1,1
23465,Local,4,1,3
23468,East,0,0,2
23473,Local,2,1,1
23513,Local,3,2,3
23516,East,1,2,0
23521,Local,2,0,0
23525,West,2,2,1
23529,Local,4,1,3
23532,East,0,0,2
23537,Local,3,1,2
23579,Local,2,3,3
23582,East,1,2,0
23587,Local,1,1,0
23591,West,1,3,1
23595,Local,4,1,3
23598,East,0,0,2
23603,Local,2,2,2
23642,Local,3,3,0
23645,East,2,2,1
23650,Local,1,1,0
23654,West,1,3,1
23658,Local,4,1,3
23661,East,1,0,3
23666,Local,2,2,2
23706,Local,3,3,0
23709,East,2,2,1
23714,Local,2,1,1
23718,West,1,3,1
23722,Local,4,1,3
23725,East,1,0,3
23730,Local,2,2,2
23768,Local,3,3,0
23771,East,2,2,1
23776,Local,1,2,1
23780,West,1,3,1
23784,Local,4,1,3
23787,East,1,0,3
23792,Local,2,2,2
23831,Local,3,3,0
23834,East,2,2,1
23839,Local,0,3,1
23843,West,1,3,1
23847,Local,4,1,3
23850,East,0,1,3
23855,Local,1,3,2
23894,Local,3,3,0
23897,East,2,2,1
23902,Local,0,3,1
23906,West,1,3,1
23910,Local,4,1,3
23913,East,1,1,0
23918,Local,1,3,2
23960,Local,3,3,0
23963,East,2,2,1
23968,Local,1,3,2
23972,West,1,3,1
23976,Local,4,1,3
23979,East,0,2,0
23984,Local,2,3,3
24023,Local,2,0,0
24026,East,2,2,1
24031,Local,1,3,2
24035,West,1,3,1
24039,Local,4,1,3
24042,East,0,2,0
24047,Local,2,3,3
24088,Local,2,0,0
24091,East,1,3,1
24096,Local,2,3,3
24100,West,0,0,1
24104,Local,4,1,3
24107,East,0,2,0
24112,Local,1,0,3
24152,Local,3,0,1
24155,East,1,3,1
24160,Local,2,3,3
24164,West,0,0,1
24168,Local,4,1,3
24171,East,1,2,1
24176,Local,2,0,0
24217,Local,3,0,1
24220,East,1,3,1
24225,Local,3,3,0
24229,West,0,0,1
24233,Local,4,1,3
24236,East,1,2,1
24241,Local,2,0,0
24282,Local,4,0,2
24285,East,1,3,1
24290,Local,2,0,0
24294,West,0,0,1
24298,Local,4,1,3
24301,East,1,2,1
24306,Local,2,0,0
24346,Local,4,0,2
24349,East,2,3,2
24354,Local,3,0,1
24358,West,0,0,1
24362,Local,4,1,3
24365,East,0,3,1
24370,Local,1,1,1
24408,Local,4,0,2
24411,East,2,3,2
24416,Local,3,0,1
24420,West,0,0,1
24424,Local,4,1,3
24427,East,1,3,2
24432,Local,1,1,1
24474,Local,4,0,2
24477,East,2,3,2
24482,Local,4,0,2
24486,West,0,0,1
24490,Local,4,1,3
24493,East,0,0,2
24498,Local,1,1,1
24537,Local,4,0,2
24540,East,2,3,2
24545,Local,3,1,2
24549,West,0,0,1
24553,Local,4,1,3
24556,East,0,0,2
24561,Local,2,1,2
24600,Local,3,1,2
24603,East,2,3,2
24608,Local,3,1,2
24612,West,1,0,2
24616,Local,4,1,3
24619,East,0,0,2
24624,Local,1,2,2
24664,Local,3,1,2
24667,East,2,3,2
24672,Local,3,1,2
24676,West,0,1,2
24680,Local,4,1,3
24683,East,1,0,3
24688,Local,1,2,2
24731,Local,3,1,2
24734,East,2,3,2
24739,Local,4,1,3
24743,West,0,1,2
24747,Local,4,1,3
24750,East,0,1,3
24755,Local,2,2,3
24794,Local,4,1,3
24797,East,2,3,2
24802,Local,4,1,3
24806,West,0,1,2
24810,Local,4,1,3
24813,East,0,1,3
24818,Local,1,3,3
24857,Local,3,2,3
24860,East,3,3,3
24865,Local,4,1,3
24869,West,0,1,2
24873,Local,3,2,3
24876,East,0,1,3
24881,Local,1,3,3
24919,Local,3,2,3
24922,East,3,3,3
24927,Local,4,1,3
24931,West,0,1,2
24935,Local,3,2,3
24938,East,1,1,0
24943,Local,1,3,3
24983,Local,4,2,0
24986,East,3,3,3
24991,Local,4,1,3
24995,West,0,1,2
24999,Local,3,2,3
25002,East,0,2,0
25007,Local,1,3,3
25047,Local,3,3,0
25050,East,3,3,3
25055,Local,3,2,3
25059,West,0,1,2
25063,Local,3,2,3
25066,East,0,2,0
25071,Local,1,3,3
25113,Local,2,0,0
25116,East,3,3,3
25121,Local,3,2,3
25125,West,0,1,2
25129,Local,3,2,3
25132,East,0,2,0
25178,Local,3,0,1
25181,East,3,3,3
25186,Local,3,2,3
25190,West,0,1,2
25194,Local,4,2,0
25197,East,1,2,1
25241,Local,3,0,1
25244,East,3,3,3
25249,Local,4,2,0
25253,West,0,1,2
25257,Local,4,2,0
25260,East,1,2,1
25304,Local,3,0,1
25307,East,3,3,3
25312,Local,3,3,0
25316,West,0,1,2
25320,Local,4,2,0
25323,East,1,2,1
25368,Local,4,0,2
25371,East,3,3,3
25376,Local,3,3,0
25380,West,0,1,2
25384,Local,3,3,0
25387,East,0,3,1
25433,Local,4,0,2
25436,East,3,3,3
25441,Local,3,3,0
25445,West,0,1,2
25449,Local,3,3,0
25452,East,0,3,1
25497,Local,4,0,2
25500,East,3,3,3
25505,Local,4,3,1
25509,West,0,1,2
25513,Local,4,3,1
25516,East,0,3,1
25560,Local,4,0,2
25563,East,3,3,3
25568,Local,3,0,1
25572,West,0,1,2
25576,Local,4,3,1
25579,East,0,3,1
25625,Local,3,1,2
25628,East,3,3,3
25633,Local,3,0,1
25637,West,1,1,3
25641,Local,4,3,1
25644,East,0,3,1
25649,Local,0,1,2
25689,Local,3,1,2
25692,East,3,3,3
25697,Local,4,0,2
25701,West,0,2,3
25705,Local,4,3,1
25708,East,1,3,2
25713,Local,0,1,2
25754,Local,3,1,2
25757,East,3,3,3
25762,Local,3,1,2
25766,West,0,2,3
25770,Local,4,3,1
25773,East,0,0,2
25778,Local,0,1,2
25816,Local,3,1,2
25819,East,3,3,3
25824,Local,3,1,2
25828,West,0,2,3
25832,Local,4,3,1
25835,East,0,0,2
25840,Local,1,1,3
25879,Local,3,1,2
25882,East,2,0,3
25887,Local,3,1,2
25891,West,0,2,3
25895,Local,3,0,1
25898,East,0,0,2
25903,Local,1,1,3
25945,Local,4,1,3
25948,East,1,1,3
25953,Local,3,1,2
25957,West,0,2,3
25961,Local,3,0,1
25964,East,0,0,2
25969,Local,1,1,3
26011,Local,4,1,3
26014,East,0,2,3
26019,Local,2,2,3
26023,West,0,2,3
26027,Local,3,0,1
26030,East,0,0,2
26035,Local,2,1,0
26074,Local,4,1,3
26077,East,0,2,3
26082,Local,2,2,3
26086,West,0,2,3
26090,Local,3,0,1
26093,East,0,0,2
26098,Local,2,1,0
26139,Local,4,1,3
26142,East,0,2,3
26147,Local,3,2,0
26151,West,0,2,3
26155,Local,3,0,1
26158,East,0,0,2
26163,Local,1,2,1
26203,Local,4,1,3
26206,East,0,2,3
26211,Local,3,2,0
26215,West,0,2,3
26219,Local,4,0,2
26222,East,1,0,3
26227,Local,1,2,1
26268,Local,4,1,3
26271,East,0,2,3
26276,Local,2,3,0
26280,West,0,2,3
26284,Local,4,0,2
26287,East,0,1,3
26292,Local,2,2,2
26330,Local,4,1,3
26333,East,1,2,0
26338,Local,2,3,0
26342,West,0,2,3
26346,Local,4,0,2
26349,East,0,1,3
26354,Local,2,2,2
26395,Local,4,1,3
26398,East,1,2,0
26403,Local,2,3,0
26407,West,0,2,3
26411,Local,3,1,2
26414,East,0,1,3
26419,Local,1,3,3
26460,Local,4,1,3
26463,East,1,2,0
26468,Local,3,3,1
26472,West,0,2,3
26476,Local,3,1,2
26479,East,0,1,3
26484,Local,1,3,3
26525,Local,3,2,3
26528,East,0,3,0
26533,Local,3,3,1
26537,West,0,2,3
26541,Local,4,1,3
26544,East,0,1,3
26549,Local,2,3,0
26587,Local,3,2,3
26590,East,1,3,1
26595,Local,3,3,1
26599,West,0,2,3
26603,Local,4,1,3
26606,East,0,1,3
26611,Local,2,3,0
26652,Local,3,2,3
26655,East,0,0,1
26660,Local,3,3,1
26664,West,0,2,3
26668,Local,4,1,3
26671,East,0,1,3
26715,Local,3,2,3
26718,East,0,0,1
26723,Local,4,3,2
26727,West,0,2,3
26731,Local,4,1,3
26734,East,1,1,0
26781,Local,2,3,0
26784,East,0,0,1
26789,Local,4,3,2
26793,West,0,2,3
26797,Local,4,1,3
26800,East,0,2,0
26844,Local,2,3,0
26847,East,1,0,2
26852,Local,4,3,2
26856,West,0,2,3
26860,Local,4,1,3
26863,East,0,2,0
26910,Local,3,3,1
26913,East,0,1,2
26918,Local,3,0,2
26922,West,0,2,3
26926,Local,4,1,3
26929,East,0,2,0
26975,Local,2,0,1
26978,East,0,1,2
26983,Local,3,0,2
26987,West,0,2,3
26991,Local,4,1,3
26994,East,0,2,0
27040,Local,3,0,2
27043,East,0,1,2
27048,Local,4,0,3
27052,West,0,2,3
27056,Local,4,1,3
27059,East,0,2,0
27102,Local,3,0,2
27105,East,0,1,2
27110,Local,3,1,3
27114,West,1,2,0
27118,Local,4,1,3
27121,East,0,2,0
27168,Local,3,0,2
27171,East,0,1,2
27176,Local,3,1,3
27180,West,1,2,0
27184,Local,3,2,3
27187,East,0,2,0
27236,East,0,1,2
27241,Local,3,1,3
27245,West,1,2,0
27249,Local,3,2,3
27252,East,1,2,1
27299,East,0,1,2
27304,Local,4,1,0
27308,West,1,2,0
27312,Local,3,2,3
27315,East,1,2,1
27363,East,0,1,2
27368,Local,3,2,0
27372,West,2,2,1
27376,Local,3,2,3
27379,East,1,2,1
27429,East,0,1,2
27434,Local,3,2,0
27438,West,1,3,1
27442,Local,4,2,0
27445,East,1,2,1
27493,East,0,1,2
27498,Local,4,2,1
27502,West,0,0,1
27506,Local,4,2,0
27509,East,0,3,2
27556,East,0,1,2
27561,Local,4,2,1
27565,West,0,0,1
27569,Local,4,2,0
27572,East,0,3,2
27620,East,0,1,2
27625,Local,3,3,1
27629,West,0,0,1
27633,Local,4,2,0
27636,East,0,3,2
27684,East,1,1,3
27689,Local,3,3,1
27693,West,0,0,1
27697,Local,3,3,0
27700,East,0,3,2
27747,East,0,2,3
27752,Local,4,3,2
27756,West,0,0,1
27760,Local,3,3,0
27763,East,0,3,2
27811,East,0,2,3
27816,Local,4,3,2
27820,West,0,0,1
27824,Local,3,3,0
27827,East,0,3,2
27876,East,0,2,3
27881,Local,3,0,2
27885,West,0,0,1
27889,Local,4,3,1
27892,East,0,3,2
27941,East,1,2,0
27946,Local,3,0,2
27950,West,0,0,1
27954,Local,3,0,1
27957,East,0,3,2
28005,East,0,3,0
28010,Local,4,0,3
28014,West,0,0,1
28018,Local,3,0,1
28021,East,1,3,3
28069,East,0,3,0
28074,Local,4,0,3
28078,West,0,0,1
28082,Local,3,0,1
28085,East,0,0,3
28133,East,0,3,0
28138,Local,3,1,3
28142,West,0,0,1
28146,Local,3,0,1
28149,East,0,0,3
28196,East,1,3,1
28201,Local,3,1,3
28205,West,0,0,1
28209,Local,3,0,1
28212,East,0,0,3
28259,East,0,0,1
28264,Local,3,1,3
28268,West,0,0,1
28272,Local,3,0,1
28275,East,0,0,3
28323,East,0,0,1
28328,Local,3,1,3
28332,West,0,0,1
28336,Local,3,0,1
28339,East,0,0,3
28387,East,0,0,1
28392,Local,4,1,0
28396,West,0,0,1
28400,Local,4,0,2
28403,East,0,0,3
28449,East,1,0,2
28454,Local,4,1,0
28458,West,0,0,1
28462,Local,4,0,2
28465,East,0,0,3
28510,East,1,0,2
28515,Local,4,1,0
28519,West,0,0,1
28523,Local,4,0,2
28526,East,0,0,3
28573,East,1,0,2
28578,Local,4,1,0
28582,West,0,0,1
28586,Local,4,0,2
28589,East,0,0,3
28636,East,0,1,2
28641,Local,4,1,0
28645,West,0,0,1
28649,Local,4,0,2
28652,East,0,0,3
28699,East,1,1,3
28704,Local,4,1,0
28708,West,0,0,1
28712,Local,4,0,2
28715,East,0,0,3
28763,East,0,2,3
28768,Local,4,1,0
28772,West,0,0,1
28776,Local,4,0,2
28779,East,1,0,0
28827,East,0,2,3
28832,Local,4,1,0
28836,West,0,0,1
28840,Local,4,0,2
28843,East,0,1,0
28891,East,0,2,3
28896,Local,4,1,0
28900,West,0,0,1
28904,Local,4,0,2
28907,East,0,1,0
28956,East,0,2,3
28961,Local,3,2,0
28965,West,1,0,2
28969,Local,4,0,2
28972,East,0,1,0
28977,Local,2,1,0
29019,East,0,2,3
29024,Local,3,2,0
29028,West,0,1,2
29032,Local,4,0,2
29035,East,1,1,1
29040,Local,2,1,0
29080,Local,2,1,0
29083,East,0,2,3
29088,Local,3,2,0
29092,West,0,1,2
29096,Local,4,0,2
29099,East,1,1,1
29104,Local,2,1,0
29143,Local,2,1,0
29146,East,0,2,3
29151,Local,3,2,0
29155,West,0,1,2
29159,Local,4,0,2
29162,East,1,1,1
29167,Local,2,1,0
29209,Local,3,1,1
29212,East,0,2,3
29217,Local,2,3,0
29221,West,1,1,3
29225,Local,4,0,2
29228,East,1,1,1
29233,Local,1,2,1
29274,Local,3,1,1
29277,East,0,2,3
29282,Local,3,3,1
29286,West,0,2,3
29290,Local,4,0,2
29293,East,2,1,2
29298,Local,1,2,1
29340,Local,4,1,2
29343,East,0,2,3
29348,Local,3,3,1
29352,West,0,2,3
29356,Local,4,0,2
29359,East,1,2,2
29364,Local,1,2,1
29405,Local,4,1,2
29408,East,0,2,3
29417,West,0,2,3
29421,Local,4,0,2
29424,East,0,3,2
29429,Local,2,2,2
29468,Local,4,1,2
29471,East,0,2,3
29480,West,1,2,0
29484,Local,4,0,2
29487,East,0,3,2
29492,Local,1,3,2
29531,Local,4,1,2
29534,East,0,2,3
29543,West,0,3,0
29547,Local,4,0,2
29550,East,1,3,3
29555,Local,1,3,2
29594,Local,3,2,2
29597,East,0,2,3
29606,West,0,3,0
29610,Local,4,0,2
29613,East,1,3,3
29618,Local,1,3,2
29658,Local,3,2,2
29661,East,0,2,3
29670,West,0,3,0
29674,Local,4,0,2
29677,East,1,3,3
29682,Local,1,3,2
29723,Local,4,2,3
29726,East,0,2,3
29735,West,0,3,0
29739,Local,4,0,2
29742,East,1,3,3
29747,Local,0,0,2
29785,Local,4,2,3
29788,East,0,2,3
29797,West,0,3,0
29801,Local,4,0,2
29804,East,2,3,0
29809,Local,0,0,2
29850,Local,4,2,3
29853,East,0,2,3
29862,West,0,3,0
29866,Local,4,0,2
29869,East,1,0,0
29874,Local,0,0,2
29914,Local,4,2,3
29917,East,0,2,3
29926,West,0,3,0
29930,Local,4,0,2
29933,East,0,1,0
29938,Local,1,0,3
29976,Local,4,2,3
29979,East,1,2,0
29988,West,0,3,0
29992,Local,3,1,2
29995,East,0,1,0
30000,Local,1,0,3
30038,Local,4,2,3
30041,East,0,3,0
30050,West,0,3,0
30054,Local,3,1,2
30057,East,1,1,1
30062,Local,1,0,3
30104,Local,3,3,3
30107,East,0,3,0
30116,West,0,3,0
30120,Local,3,1,2
30123,East,0,2,1
30128,Local,1,0,3
30167,Local,3,3,3
30170,East,0,3,0
30179,West,0,3,0
30183,Local,4,1,3
30186,East,0,2,1
30191,Local,1,0,3
30231,Local,3,3,3
30234,East,1,3,1
30243,West,0,3,0
30247,Local,4,1,3
30250,East,0,2,1
30255,Local,0,1,3
30296,Local,3,3,3
30299,East,1,3,1
30308,West,0,3,0
30312,Local,4,1,3
30315,East,1,2,2
30320,Local,1,1,0
30362,Local,2,0,0
30365,East,1,3,1
30374,West,0,3,0
30378,Local,4,1,3
30381,East,0,3,2
30386,Local,1,1,0
30424,Local,2,0,0
30427,East,1,3,1
30436,West,0,3,0
30440,Local,4,1,3
30443,East,0,3,2
30448,Local,2,1,1
30488,Local,2,0,0
30491,East,2,3,2
30500,West,0,3,0
30504,Local,3,2,3
30507,East,0,3,2
30512,Local,1,2,1
30552,Local,2,0,0
30555,East,2,3,2
30564,West,0,3,0
30568,Local,3,2,3
30571,East,0,3,2
30576,Local,2,2,2
30615,Local,2,0,0
30618,East,1,0,2
30627,West,0,3,0
30631,Local,4,2,0
30634,East,0,3,2
30639,Local,2,2,2
30677,Local,2,0,0
30680,East,1,0,2
30689,West,0,3,0
30693,Local,4,2,0
30696,East,0,3,2
30701,Local,2,2,2
30744,Local,2,0,0
30747,East,1,0,2
30756,West,0,3,0
30760,Local,4,2,0
30763,East,0,3,2
30768,Local,1,3,3
30809,Local,1,1,1
30812,East,1,0,2
30821,West,0,3,0
30825,Local,4,2,0
30828,East,1,3,3
30833,Local,1,3,3
30874,Local,0,2,1
30877,East,2,0,3
30886,West,0,3,0
30890,Local,4,2,0
30893,East,0,0,3
30898,Local,2,3,0
30936,Local,0,2,1
30939,East,2,0,3
30948,West,0,3,0
30952,Local,4,2,0
30955,East,0,0,3
30960,Local,2,3,0
31002,Local,0,2,1
31005,East,2,0,3
31014,West,0,3,0
31018,Local,4,2,0
31021,East,0,0,3
31067,Local,1,2,2
31070,East,2,0,3
31075,Local,1,3,1
31079,West,0,3,0
31083,Local,4,2,0
31086,East,0,0,3
31133,Local,0,3,2
31136,East,3,0,0
31141,Local,1,3,1
31145,West,0,3,0
31149,Local,4,2,0
31152,East,0,0,3
31197,Local,0,3,2
31200,East,3,0,0
31205,Local,2,3,2
31209,West,0,3,0
31213,Local,4,2,0
31216,East,0,0,3
31263,Local,1,3,3
31266,East,3,0,0
31271,Local,1,0,2
31275,West,0,3,0
31279,Local,4,2,0
31282,East,0,0,3
31287,Local,1,1,3
31326,Local,1,3,3
31329,East,3,0,0
31334,Local,1,0,2
31338,West,0,3,0
31342,Local,4,2,0
31345,East,1,0,0
31350,Local,1,1,3
31390,Local,2,3,0
31393,East,2,1,0
31398,Local,2,0,3
31402,West,1,3,1
31406,Local,4,2,0
31409,East,1,0,0
31414,Local,1,1,3
31454,Local,2,3,0
31457,East,1,2,0
31462,Local,2,0,3
31466,West,1,3,1
31470,Local,4,2,0
31473,East,1,0,0
31478,Local,1,1,3
31521,Local,3,3,1
31524,East,0,3,0
31529,Local,1,1,0
31533,West,1,3,1
31537,Local,4,2,0
31540,East,1,0,0
31545,Local,0,2,3
31585,Local,3,3,1
31588,East,0,3,0
31593,Local,1,1,0
31597,West,1,3,1
31601,Local,4,2,0
31604,East,2,0,1
31609,Local,0,2,3
31649,Local,4,3,2
31652,East,1,3,1
31657,Local,2,1,1
31661,West,1,3,1
31665,Local,4,2,0
31668,East,1,1,1
31673,Local,1,2,0
31714,Local,4,3,2
31717,East,0,0,1
31722,Local,1,2,1
31726,West,1,3,1
31730,Local,4,2,0
31733,East,0,2,1
31738,Local,1,2,0
31779,Local,4,3,2
31782,East,0,0,1
31787,Local,1,2,1
31791,West,0,0,1
31795,Local,3,3,0
31798,East,0,2,1
31803,Local,2,2,1
31842,Local,4,3,2
31845,East,0,0,1
31850,Local,2,2,2
31854,West,0,0,1
31858,Local,3,3,0
31861,East,1,2,2
31866,Local,2,2,1
31907,Local,3,0,2
31910,East,0,0,1
31915,Local,2,2,2
31919,West,0,0,1
31923,Local,3,3,0
31926,East,0,3,2
31931,Local,3,2,2
31971,Local,3,0,2
31974,East,0,0,1
31979,Local,1,3,2
31983,West,0,0,1
31987,Local,3,3,0
31990,East,0,3,2
31995,Local,3,2,2
32036,Local,4,0,3
32039,East,0,0,1
32044,Local,2,3,3
32048,West,0,0,1
32052,Local,3,3,0
32055,East,0,3,2
32060,Local,2,3,2
